{
    "trained_at": "2026-06-21T16:15:01.271532",
    "dataset_rows": 8173,
    "sklearn_version": "1.8.0",
    "metrics": {
        "regressor_mae": 2800.9820502623957,
        "regressor_r2": 0.21957261436381204,
        "training_rows": 2680,
        "test_rows": 671
    }
}