{
    "classifier_accuracy": 0.9345565749235474,
    "classifier_report": {
        "Critical": {
            "precision": 0.7391304347826086,
            "recall": 0.8717948717948718,
            "f1-score": 0.8,
            "support": 39.0
        },
        "High": {
            "precision": 0.872,
            "recall": 0.8482490272373541,
            "f1-score": 0.8599605522682445,
            "support": 257.0
        },
        "Low": {
            "precision": 0.9541984732824428,
            "recall": 0.9541984732824428,
            "f1-score": 0.9541984732824428,
            "support": 393.0
        },
        "Medium": {
            "precision": 0.952431289640592,
            "recall": 0.952431289640592,
            "f1-score": 0.952431289640592,
            "support": 946.0
        },
        "accuracy": 0.9345565749235474,
        "macro avg": {
            "precision": 0.879440049426411,
            "recall": 0.9066684154888152,
            "f1-score": 0.8916475787978198,
            "support": 1635.0
        },
        "weighted avg": {
            "precision": 0.9351254354474139,
            "recall": 0.9345565749235474,
            "f1-score": 0.9346849308458341,
            "support": 1635.0
        }
    },
    "regressor_mae": 1549.0680742395255,
    "regressor_r2": 0.20894367021424676
}